SUM 
========================



描述 
-----------------------

该函数返回指定参数的总和。可以将其用作聚合或分析函数。
**说明**



* 作为分析函数使用时，需要使用 `OVER` 子句定义窗口进行计算。它对一组行的集合进行计算并返回多个值。

  

* 作为聚合函数使用时，该函数对一组行的集合进行聚合计算，结果只能返回一个值，此时不需要加 `OVER` 子句。

  




语法 
-----------------------

```sql
SUM([ DISTINCT | UNQIUE | ALL ] expr) [ OVER (analytic_clause) ]
```



参数解释 
-------------------------



|            参数             |                                                                                                                                      说明                                                                                                                                       |
|---------------------------|-------------------------------------------------------------------------------------------------------------------------------------------------------------------------------------------------------------------------------------------------------------------------------|
| DISTINCT \| UNQIUE \| ALL | 计算时是否去重。为可选项，默认值 `ALL`。 * `ALL`：计算所有值，包含重复行，且忽略值为 `NULL` 的行。   * `DISTINCT`：去除重复行，且忽略值为 `NULL` 的行。   * `UNIQUE`：去除重复行，且忽略值为 `NULL` 的行。    |
| expr                      | 数值数据类型或任何可以隐式转换为数值数据类型的表达式。                                                                                                                                                                                                                                                   |
| OVER                      | 使用 `OVER` 子句定义窗口进行计算。窗口函数详细信息请参见 [窗口函数说明](/zh-CN/11.sql-reference-oracle-mode/5.functions-2/4.analysis-functions-2/1.window-function-description.md)。                                                                                                                                                                                       |


**注意**

：

如果您指定了`DISTINCT` 或 `UNIQUE` 关键字，则 `analytic_clause` 中不允许出现 `order_by_clause` 和 `windowing_clause` 参数。

返回类型 
-------------------------

返回与 `expr` 相同数据类型的值。

示例 
-----------------------

现有已创建的表`employees`。

```sql
obclient> SELECT * FROM employees;
+---------------+-----------+------------+--------+
| DEPARTMENT_ID | LAST_NAME | HIREDATE   | SALARY |
+---------------+-----------+------------+--------+
|            30 | Raphaely  | 2017-07-01 |   1700 |
|            30 | De Haan   | 2018-05-01 |  11000 |
|            40 | Errazuriz | 2017-07-21 |   1400 |
|            50 | Hartstein | 2019-10-05 |  14000 |
|            50 | Raphaely  | 2017-07-22 |   1700 |
|            50 | Weiss     | 2019-10-05 |  13500 |
|            90 | Russell   | 2019-07-11 |  13000 |
|            90 | Partners  | 2018-12-01 |  14000 |
+---------------+-----------+------------+--------+
8 rows in set
```



### 聚合函数示例 

求表 `employees` 中列 `salary` 的总和。

```sql
obclient> SELECT SUM(salary) FROM employees;
+-------------+
| SUM(SALARY) |
+-------------+
|       70300 |
+-------------+
1 row in set
```



### 分析函数示例 

以列 `department_id` 分组及列 `salary` 升序排序，返回列 `salary` 的累计总和。

```sql
obclient> SELECT department_id, last_name, salary,
              SUM(salary) OVER
                  (PARTITION BY department_id ORDER BY salary RANGE UNBOUNDED PRECEDING) s_sum
    FROM employees
    ORDER BY department_id,s_sum;
+---------------+-----------+--------+-------+
| DEPARTMENT_ID | LAST_NAME | SALARY | S_SUM |
+---------------+-----------+--------+-------+
|            30 | Raphaely  |   1700 |  1700 |
|            30 | De Haan   |  11000 | 12700 |
|            40 | Errazuriz |   1400 |  1400 |
|            50 | Raphaely  |   1700 |  1700 |
|            50 | Weiss     |  13500 | 15200 |
|            50 | Hartstein |  14000 | 29200 |
|            90 | Russell   |  13000 | 13000 |
|            90 | Partners  |  14000 | 27000 |
+---------------+-----------+--------+-------+
8 rows in set
```


