# 创建触发器

在表或视图上可以创建 DML 触发器，其触发事件由 DML 语句 DELETE、INSERT 和 UPDATE 组成。

## 创建 DML 行触发器类型

OceanBase 数据库当前版本支持创建 DML 行触发器，所包含的类型如下：

* `BEFORE INSERT FOR EACH ROW`

* `AFTER INSERT FOR EACH ROW`

* `BEFORE UPDATE FOR EACH ROW`

* `AFTER UPDATE FOR EACH ROW`

* `BEFORE DELETE FOR EACH ROW`

* `AFTER DELETE FOR EACH ROW`

触发器名与存储过程名称和包的名字不一样，它是单独的名字空间，因而触发器名称可以和表或存储过程有相同的名字。

## 语法

您可以使用 `CREATE TRIGGER` 语句创建触发器。

创建触发器的用户需要具备以下权限：

* 当前触发器关联的表的权限，包括 `SELECT`、`INSERT`、`UPDATE`、`DELETE` 等权限。

* 触发器权限，即 `CREATE TRIGGER` 权限。

* 触发器激活后要执行的语句的权限。

```unknow
CREATE [OR REPLACE] TRIGGER trigger_name
{BEFORE | AFTER }
{INSERT | DELETE | UPDATE [OF column [, column ...]]}
ON [schema.] table_name 
[REFERENCING {OLD [AS] old | NEW [AS] new| PARENT as parent}]
FOR EACH ROW
[WHEN condition]
trigger_body;
```

> **说明**
>
> * 触发器名称 `trigger_name` 必须保持唯一。
> * `tbl_name` 表示建立触发器的表名，即在哪张表上建立触发器。
> * `BEFORE` 或 `AFTER` 表示触发动作的时间，即触发器将在每一行插入到表中之前还是之后激活。
> * `INSERT` 、`UPDATE` 或 `DELETE` 表示触发事件，即激活触发器的操作类型。
> * `FOR EACH ROW`用于定义触发器的主体，每次触发器激活时就会执行该语句，对于受触发事件影响的每一行都会执行一次。
>
> OceanBase 数据库中也定义了 `NEW.columnName` 和 `OLD.columnName`：
>
> * 在 `INSERT` 型触发器中，`NEW.columnName` 用来表示将要（`BEFORE`）或已经（`AFTER`）插入的新数据。
>
>   其中，`columnName` 为相应数据表的某一列名。
> * 在 `UPDATE` 型触发器中，`OLD.columnName` 用来表示将要或已经被修改的原数据，`NEW.columnName` 用来表示将要或已经修改后的新数据。
> * 在 `DELETE` 型触发器中，`OLD.columnName` 用来表示将要或已经被删除的原数据。
> * `OLD.columnName` 是只读的，而 `NEW.columnName` 则可以在触发器中使用 `SET` 赋值。

### 参数解释

|     **参数**     |                             **含义**                              |                       **说明**                        |
|----------------|-----------------------------------------------------------------|-----------------------------------------------------|
| BEFORE 和 AFTER | 指出触发器的触发时序分别为前触发和后触发方式。                                         | 前触发是在执行触发事件之前触发当前所创建的触发器；后触发是在执行触发事件之后触发当前所创建的触发器。  |
| FOR EACH ROW   | 说明触发器为行触发器。                                                     | 行触发器要求当一个 DML 语句操作影响数据库中的多行数据时，对于其中的每个数据行，均激活一次触发器。 |
| REFERENCING    | 说明相关名称，在行触发器的 PL 块中可以使用相关名称参照当前的新、旧列值。默认的相关名称分别为 `OLD` 和 `NEW`。 | 例如 `new.c1`, `old.c2`。                              |

## 触发器的使用限制

触发器有如下使用限制：

* 触发器内部的 `SELECT` 语句只能为 `SELECT ... INTO ...` 结构，或者为定义游标所使用的 `SELECT` 语句。

* 触发器中不能使用数据库事务控制语句 `COMMIT`，`ROLLBACK` 和 `SVAEPOINT` 语句。

* 由触发器调用的存储过程或函数也不能使用数据库事务控制语句。

### OLD 和 NEW 伪记录

当触发器被触发时，要引用被插入（`INSERT`）、更新（`UPDATE`）或删除（`DELETE`）的记录中的列值，有时要使用操作前或操作后列的值，语法如下：

* `:NEW` 修饰符表示访问操作完成后列的值。

* `:OLD` 修饰符表示访问操作完成前列的值。

使用有效性如下表所示：

| **特性**  | **INSERT** | **UPDATE** | **DELETE** |
|---------|------------|------------|------------|
| **OLD** | NULL       | 有效         | 有效         |
| **NEW** | 有效         | 有效         | NULL       |

### 示例

使用触发器，在对 `regions` 表的数据进行删除操作时，把 `region_id` 大于 3 的记录移动到 `reg_his` 表中。

1. 创建 `regions` 表。

   ```unknow
   obclient>CREATE TABLE regions(
           region_id     NUMBER(5,0),  
           region_name  VARCHAR(50)
       );
   Query OK, 0 rows affected
   ```

2. 在 `regions` 表插入数据。

   ```unknow
   obclient> INSERT INTO regions VALUES(1,'Europe'),(4,'Middle East and Africa'),(3,'Asia'),(2,'Americas');
   Query OK, 4 rows affected
   Records: 4  Duplicates: 0  Warnings: 0
   ```

3. 创建 `reg_his` 表，表结构与 `regions` 表完全一样。

   ```unknow
   obclient> CREATE TABLE reg_his AS SELECT * FROM regions WHERE 1=2;
   Query OK, 0 rows affected
   ```

4. 创建触发器`del_new_region`。

   ```unknow
   obclient> CREATE TRIGGER del_new_region
         BEFORE DELETE ON regions 
         FOR EACH ROW
         WHEN (old.region_id >3)
      BEGIN
         INSERT INTO reg_his(region_id , region_name )
              VALUES( :old.region_id, :old.region_name );
      END;
    /
   Query OK, 0 rows affected
   ```

5. 查询 `regions` 表。

   ```unknow
   obclient>SELECT * FROM regions;
   +-----------+------------------------+
   | REGION_ID | REGION_NAME            |
   +-----------+------------------------+
   |         1 | Europe                 |
   |         4 | Middle East and Africa |
   |         3 | Asia                   |
   |         2 | Americas               |
   +-----------+------------------------+
   4 rows in set
   ```

6. 查询 `reg_his` 表。

   ```unknow
   obclient> SELECT * FROM reg_his;
   Empty set
   ```

7. 删除 `regions` 表中大于 `2` 的数据。

   ```unknow
   obclient> DELETE FROM regions WHERE region_id>2;
   Query OK, 2 rows affected
   ```

8. 再次查询 `regions` 表。

   ```unknow
   obclient> SELECT * FROM regions;
   +-----------+-------------+
   | REGION_ID | REGION_NAME |
   +-----------+-------------+
   |         1 | Europe      |
   |         2 | Americas    |
   +-----------+-------------+
   2 rows in set
   ```

9. 再次查询 `reg_his` 表。

   ```unknow
   obclient>SELECT * FROM reg_his;
   +-----------+------------------------+
   | REGION_ID | REGION_NAME            |
   +-----------+------------------------+
   |         4 | Middle East and Africa |
   +-----------+------------------------+
   1 row in set
   ```

## 创建 INSTEAD OF 触发器

INSTEAD OF 触发器创建与不可编辑视图上，可以用于更新视图。INSTEAD OF 触发器可以确定预期的操作并在基础表上执行适当的 DML 操作。

INSTEAD OF 触发器只能是一个行级触发器。INSTEAD OF DML 触发器可以读取 OLD 和 NEW 的值，但不能修改 OLD 和 NEW 的值。

创建 INSTEAD OF 触发器的语法如下：

```sql
CREATE [OR REPLACE] TRIGGER trigger_name
INSTEAD OF
{INSERT | DELETE | UPDATE}
ON [schema.] view_name
[FOR EACH ROW]
BEGIN
...
END;
```

语句使用说明：

* `OR REPLACE`:表示如果要创建的触发器名称已存在，则使用新的定义重新创建触发器。

* `view_name`：视图名，INSTEAD OF 触发器只能针对视图。

* 创建触发器的用户需要拥有 `CREATE TRIGGER` 系统权限。

使用 INSTEAD OF 触发器更新视图，示例如下：

```sql
obclient> CREATE TABLE customers(
    customer_id             NUMBER(20) NOT NULL ,
    cust_last_name          VARCHAR(25) DEFAULT NULL,
    cust_first_name         VARCHAR(25) DEFAULT NULL,
    cust_address            VARCHAR(40) DEFAULT NULL,
    cust_nationkey          NUMBER(20) DEFAULT NULL,
    cust_phone              CHAR(15) DEFAULT NULL,
    cust_acctbal            DECIMAL(10,2) DEFAULT NULL,
    cust_mktsegment         CHAR(10) DEFAULT NULL,
    cust_comment            VARCHAR(117) DEFAULT NULL,
    PRIMARY KEY(customer_id));
Query OK, 1 row affected 

obclient> CREATE TABLE orders(
    order_id                 NUMBER(20) NOT NULL ,
    customer_id              NUMBER(20) NOT NULL ,
    order_status             CHAR(1) DEFAULT NULL,
    total_price              DECIMAL(10,2) DEFAULT NULL,
    order_date               DATE NOT NULL,
    order_priority           CHAR(15) DEFAULT NULL,
    order_clerk              CHAR(15) DEFAULT NULL,
    order_shippriority       NUMBER(20) DEFAULT NULL,
    order_comment            VARCHAR(79) DEFAULT NULL,
    PRIMARY KEY(order_id,order_date,customer_id));
Query OK, 0 rows affected 


obclient> CREATE OR REPLACE VIEW order_list AS
     SELECT c.customer_id, c.cust_last_name, c.cust_first_name,
          o.order_id, o.order_date, o.order_status
     FROM customers c, orders o
     WHERE c.customer_id = o.customer_id;
Query OK, 0 rows affected 
 
obclient> delimiter /
 
obclient> CREATE OR REPLACE TRIGGER order_list_insert
     INSTEAD OF INSERT ON order_list
     DECLARE
       duplicate_info EXCEPTION;
       PRAGMA EXCEPTION_INIT (duplicate_info, -00001);
     BEGIN
       INSERT INTO customers
         (customer_id, cust_last_name, cust_first_name)
     VALUES (
       :new.customer_id,
       :new.cust_last_name,
       :new.cust_first_name);
     INSERT INTO orders (order_id, order_date, customer_id)
     VALUES (
       :new.order_id,
       :new.order_date,
       :new.customer_id);
     EXCEPTION
       WHEN duplicate_info THEN
         RAISE_APPLICATION_ERROR (
           -20107,
           'Duplicate customer or order ID');
     END order_list_insert;
    /
Query OK, 0 rows affected

obclient> delimiter ;

/* 查询并显示要插入的行不存在 */
obclient> SELECT COUNT(*) FROM order_info WHERE customer_id = 111;
+----------+
| COUNT(*) |
+----------+
|        0 |
+----------+
1 row in set 

/* 将行数据插入视图 */
obclient> INSERT INTO order_info VALUES (111, 'Smith', 'William', 3500, 
                                         '23-MAR-2001', 0);
Query OK, 1 row affected 

/* 查询并显示该行已插入到视图中 */
obclient> SELECT COUNT(*) FROM order_info WHERE customer_id = 111;
+----------+
| COUNT(*) |
+----------+
|        1 |
+----------+
1 row in set 

/* 查询并显示该行已插入到 customers 表中 */
obclient> SELECT COUNT(*) FROM customers WHERE customer_id = 111;
+----------+
| COUNT(*) |
+----------+
|        1 |
+----------+
1 row in set 

/* 查询并显示该行已插入到 orders 表中 */
obclient> SELECT COUNT(*) FROM orders WHERE customer_id = 111;
+----------+
| COUNT(*) |
+----------+
|        1 |
+----------+
1 row in set 
```

## 创建组合触发器

### 概述

在表或可编辑视图上创建的组合触发器可以在多个时间点触发。组合触发器按照每个时间点分隔成段，每个时间段都有自己的可执行部分和异常处理部分（可选的），所有这些部分都可以访问一个通用的 PL 状态。通用状态在触发语句开始时建立，在触发语句完成时销毁，即使触发语句导致错误时也不会受到影响。

### 组合触发器的使用限制

组合 DML 触发器具有以下限制：

* `OLD`、`NEW` 和 `PARENT` 不能出现在声明部分，也不能出现在`BEFORE STATEMENT` 部分或 `AFTER STATEMENT` 部分。

* 只有 `BEFORE EACH ROW` 部分可以更改 `NEW` 的值。

* 一个时间段不能处理在另一个时间段中引发的异常。

* 如果一个时间段内包含 `GOTO` 语句，则 `GOTO` 语句的目标必须在同一时间段中。

### 创建组合触发器语法

在组合触发器的声明部分（可选），您可以声明其所有由时间点分隔的段都能使用的变量和子程序。当触发器被触发时，声明部分在任何时间段运行之前运行。变量和子程序在触发语句所作用的时间段内存在。

在不可编辑视图上创建的组合触发器并不是真正意义上的组合触发器，因为它只有一个时间段。在不可编辑视图上创建一个简单的组合触发器的语法如下：

```sql
CREATE TRIGGER FOR dml_event_clause ON view_name
COMPOUND TRIGGER
INSTEAD OF EACH ROW IS BEGIN
  sql_statement;
END INSTEAD OF EACH ROW;
```

在表或可编辑视图上创建的组合触发器至少有一个时间段。如果触发器有多个时间段，它们可以按任意顺序排列，但时间点不能重复。如果时间段不存在，则在该时间点不会发生任何操作。

组合触发器主要有如下几个时间段：

|时间节点                 |     时间段         |
|------------------------|--------------------|
|在触发语句运行之前。        |   BEFORE STATEMENT|
|在触发语句运行后。          |   AFTER STATEMENT |
|在触发语句影响的每一行之前。 |   BEFORE EACH ROW |
|在触发语句影响的每一行之后。 |   AFTER EACH ROW  |

组合触发器没有初始化部分，但是 `BEFORE STATEMENT` 可以进行任何所需的初始化，因为它先于其他时间段运行。

如果组合触发器既没有 `BEFORE STATEMENT` 部分，也没有 `AFTER STATEMENT` 部分，并且其触发语句不影响任何行，则触发器永远不会触发。

使用组合触发器将更改信息记录到一个表的子表中。示例如下：

```sql
  CREATE TABLE emp_salaries (
      emp_id NUMBER NOT NULL,
      change_date DATE   NOT NULL,
      salary NUMBER(8,2) NOT NULL,
      FOREIGN KEY (emp_id)
      REFERENCES employees (employee_id) ON DELETE CASCADE);
      
  obclient> delimiter /
  
  obclient> CREATE OR REPLACE TRIGGER maintain_emp_salaries
  FOR UPDATE OF salary ON employees
    COMPOUND TRIGGER

  threshhold CONSTANT SIMPLE_INTEGER := 7;

  TYPE salaries_t IS TABLE OF emp_salaries%ROWTYPE INDEX BY SIMPLE_INTEGER;
  sal  salaries_t;
  idx  SIMPLE_INTEGER := 0;

  PROCEDURE flush_proc IS
    n CONSTANT SIMPLE_INTEGER := sal.count();
  BEGIN
    FORALL j IN 1..n
      INSERT INTO emp_salaries VALUES sal(j);
    sal.delete();
    idx := 0;
    DBMS_OUTPUT.PUT_LINE('刷新' || n || '行');
  END flush_proc;

  -- AFTER EACH ROW 时间段:

  AFTER EACH ROW IS
  BEGIN
    idx := idx + 1;
    sal(idx).emp_id := :NEW.employee_id;
    sal(idx).change_date := SYSTIMESTAMP;
    sal(idx).salary := :NEW.salary;
    IF idx >= threshhold THEN
      flush_proc();
    END IF;
  END AFTER EACH ROW;

  -- AFTER STATEMENT 时间段:

  AFTER STATEMENT IS
  BEGIN
    flush_proc();
  END AFTER STATEMENT;
END maintain_emp_salaries;
/
Query OK, 0 rows affected

obclient> SET SERVEROUTPUT ON;
Query OK, 0 rows affected


/* 将部门 50 中每个员工的工资提高 8% */
obclient> UPDATE employees
       SET salary = salary * 0.8
       WHERE department_id = 50
      /
Query OK, 10 rows affected 
Rows matched: 10  Changed: 10  Warnings: 0

刷新7行
Flushed 7 rows
刷新3行
Flushed 3 rows


/* 等待 3 秒钟 */
obclient> BEGIN
      DBMS_LOCK.SLEEP(3);
      END
     /
Query OK, 1 row affected(3.01 sec)


/* 将部门 50 中每个员工的工资提高 1.1% */
obclient> UPDATE employees
       SET salary = salary * 1.1
       WHERE department_id = 50
     /
Query OK, 10 rows affected 
Rows matched: 10  Changed: 10  Warnings: 0

刷新7行
Flushed 7 rows
刷新3行
Flushed 3 rows


/* 查看 emp_salaries 表中的员工表的更改情况 */
obclient> SELECT emp_id, count(*) num
       FROM emp_salaries
       GROUP BY emp_id
     /
+--------+------+
| EMP_ID | NUM  |
+--------+------+
|    120 |    1 |
|    121 |    1 |
|    122 |    1 |
|    123 |    1 |
|    124 |    1 |
|    125 |    1 |
|    126 |    1 |
|    127 |    1 |
|    128 |    1 |
|    129 |    1 |
+--------+------+
10 rows in set
```
