# OUTTER JOIN

外联接（OUTTER JOIN）是使用比较运算符对两个表中的数据进行比较，联接结果不仅包含符合联接条件的行，同时也包含不符合条件的行。

## OUTTER JOIN 语法

外联接包括全联接（FULL JOIN）、左联接（LEFT JOIN）和右联接（RIGHT JOIN）。外联接返回满足联接条件的所有行，并返回一个表中的部分或全部行，而另一个表中没有满足联接条件的行，扩展了简单联接的结果。本节主要提供全联接的示例指导，左联接相关示例请参见 [左联接](3.left-join.md)，右联接相关示例请参见 [右联接](4.right-join.md)。

OUTTER JOIN 语句中一般包括主表和从表。OUTTER JOIN 查询结果为主表中所有记录。如果从表中有和它匹配的，则显示匹配的值，这部分相当于内联接的
查询结果；如果从表中没有和它匹配的，则显示 `NULL`。

OUTTER JOIN 的 SQL 语法格式如下：

```sql
SELECT select_list FROM table_name1 [ FULL|LEFT|RIGHT ] JOIN table_name2 ON join_condition
[ WHERE query_condition ]
[ ORDER BY column_list ];
```

其中，`table_name1` 为主表，`table_name2` 为从表。

## 简单全联接查询

使用全联接查询时，左表或者右表中的行找不匹配行时，系统都会自动填充 `NULL`。

示例：将表 `tbl_a` 和表 `tbl_b` 执行全联接查询，并获取返回结果。

```sql
obclient> SELECT * FROM tbl_a;
+------+------+
| id   | name |
+------+------+
|    1 | ab   |
|    2 | cd   |
|    3 | ef   |
|    4 | gh   |
+------+------+
4 rows in set

obclient> SELECT * FROM tbl_b;
+--------+-------+
| number | value |
+--------+-------+
|      1 |  1001 |
|      3 |  1003 |
|      5 |  1005 |
+--------+-------+
3 rows in set

obclient> SELECT * FROM tbl_a FULL JOIN tbl_b ON tbl_a.id=tbl_b.number;
+------+------+--------+-------+
| id   | name | number | value |
+------+------+--------+-------+
|    1 | ab   |      1 |  1001 |
|    2 | cd   |   NULL |  NULL |
|    3 | ef   |      3 |  1003 |
|    4 | gh   |   NULL |  NULL |
| NULL | NULL |      5 |  1005 |
+------+------+--------+-------+
5 rows in set
```

可以看到，表 `tbl_a` 中没有值为 `5` 的行，返回结果中其行记录被填充为 `NULL`，而 表 `tbl_b` 中没有值为 `2`、`4` 的行，返回结果中这 2 行被填充为`NULL`。

## 全联接和 WHERE 子句联合使用

您可以使用全联接获取联接结果，再使用 `WHERE` 子句对联接结果进行过滤。

示例 2：将表 `tbl_a` 和表 `tbl_b` 执行全联接查询后，返回 `tbl_b` 表中 `value=1003` 的数据。

```sql
obclient> SELECT * FROM tbl_a;
+------+------+
| id   | name |
+------+------+
|    1 | ab   |
|    2 | cd   |
|    3 | ef   |
|    4 | gh   |
+------+------+
4 rows in set

obclient> SELECT * FROM tbl_b;
+--------+-------+
| number | value |
+--------+-------+
|      1 |  1001 |
|      3 |  1003 |
|      5 |  1005 |
+--------+-------+
3 rows in set

obclient> SELECT * FROM tbl_a FULL JOIN tbl_b ON tbl_a.id=tbl_b.number WHERE tbl_b.value=1003;
+------+------+--------+-------+
| id   | name | number | value |
+------+------+--------+-------+
|    3 | ef   |      3 |  1003 |
+------+------+--------+-------+
1 row in set
```

## 相关阅读

* [左联接](3.left-join.md)

* [右联接](4.right-join.md)
