# 关于列的约束类型

本文介绍如何使用 OceanBase 数据库中 Oracle 模式中的约束类型。

## 前提条件

当前用户需要对表具有 CREATE 和 ALTER 权限。

## 约束类型

为了确保表里的数据符合业务规则，可以在列上定义约束。

约束定义在列上，限制了列里存储的值。当尝试在该列上写入或更新为违反约束定义的值时，会触发一个错误并回滚这个操作；当尝试在已有的表的列上加上一个跟现有数据相冲突的约束时，也会触发一个错误并回滚这个操作。

约束的类型有：

* 非空约束（NOT NULL），不允许约束包含的列的值包含 NULL。

* 唯一约束（UNIQUE），不允许约束包含的列的值有重复值，但是可以有多个 NULL 值。

* 主键约束（PRIMARY KEY），是 NOT NULL 约束和唯一约束的组合。

* 外键约束（FOREIGN KEY），要求约束的列的值取自于另外一个表的主键列。

  > **说明**
  >
  > OceanBase 数据库默认是开启外键约束的，通过租户变量 foreign_key_checks 控制。
  
### 示例 1

* `ware` 表的 `w_name` 列类型后面有 not null 约束，表示业务约束每个仓库必须有个名称。

  ```unknow
  obclient> CREATE TABLE ware(
              id number,
              w_name varchar(256) not null,
              PRIMARY KEY (id)
           ) ;
  Query OK, 0 rows affected
  
  obclient> DESC ware;
  +--------+--------------+------+-----+---------+-------+
  | Field  | Type         | Null | Key | Default | Extra |
  +--------+--------------+------+-----+---------+-------+
  | id     | number(11)   | NO   | PRI | NULL    |       |
  | w_name | varchar(256) | NO   |     | NULL    |       |
  +--------+--------------+------+-----+---------+-------+
  2 rows in set
  ```

* 有非空约束的列，在 INSERT 语句中必须指明该列的值，除非该列还定义了默认值。

  ```unknow
  obclient> INSERT INTO ware(id) values(1);
  ORA-01400: cannot insert NULL into '(W_NAME)'
  ```

* 如 `cust` 表的列 `c_discount` 定义了默认值 0.99，即业务上每个人默认折扣是 0.99。

  ```unknow
  obclient> CREATE TABLE cust(          
              id number,          
              c_discount varchar(256) default '0.99',          
              PRIMARY KEY (id)          
             );
  Query OK, 0 rows affected
  
  obclient> DESC cust;
  +------------+--------------+------+-----+---------+-------+
  | Field      | Type         | Null | Key | Default | Extra |
  +------------+--------------+------+-----+---------+-------+
  | id         | number(11)   | NO   | PRI | NULL    |       |
  | c_discount | varchar(256) | YES  |     | 0.99    |       |
  +------------+--------------+------+-----+---------+-------+
  2 rows in set
  ```

### 示例 2

* `ware` 表的 (`w_name`, `w_city`) 列上有个唯一约束，表示每个城市里仓库的名称必须是不重复的。

  ```unknow
  obclient> CREATE TABLE ware(
              w_id number,
              w_name varchar(256) unique,
              w_city varchar(256) unique,
              PRIMARY KEY (w_id)
                  ) ;
  Query OK, 0 rows affected
  
  obclient> DESC ware;
  +--------+--------------+------+-----+---------+-------+
  | Field  | Type         | Null | Key | Default | Extra |
  +--------+--------------+------+-----+---------+-------+
  | w_id   | number(11)   | NO   | PRI | NULL    |       |
  | w_name | varchar(256) | YES  | UNI | NULL    |       |
  | w_city | varchar(256) | YES  | UNI | NULL    |       |
  +--------+--------------+------+-----+---------+-------+
  3 rows in set
  ```

* 如果 `ware` 表的 (`w_name`, `w_city`) 列违反唯一性约束会报错。

  ```unknow
  obclient> SELECT * FROM ware;
  +------+--------+--------+
  | w_id | w_name | w_city |
  +------+--------+--------+
  |    1 | ny     | LA     |
  +------+--------+--------+
  1 row in set
  
  obclient> INSERT INTO ware VALUES (2,'ny','LA');
  ORA-00001: unique constraint 'ny' for key 'WARE_OBUNIQUE_1650597684808687' violated
  ```

### 示例 3

* 如 `ware` 表都有个主键 `w_id`，该列不允许为 NULL 并且必须是不重复的。

  * 主键为空报错。

    ```unknow
    obclient> INSERT INTO ware(w_name,w_city) VALUES ('ny', 'LA');
    ORA-01400: cannot insert NULL into '(W_ID)'
    ```

  * 主键重复报错

    ```unknow
    obclient> SELECT * FROM ware;
    +------+--------+--------+
    | w_id | w_name | w_city |
    +------+--------+--------+
    |    1 | ny     | LA     |
    +------+--------+--------+
    1 row in set (0.00 sec)
    
    obclient> INSERT INTO ware VALUES (1,'zs','EH');
    ORA-00001: unique constraint '1' for key 'WARE_OBPK_1650597684808654' violated
    ```

    > **说明**
    >
    > MySQL 模式下默认主键具有非空约束。

### 示例 4

* `cust` 表的 `c_w_id` 上有个外键约束引用了 `ware` 表的 `w_id` 列，表示业务上顾客归属的仓库必须是属于仓库表里的仓库。

  ```unknow
  obclient> ALTER TABLE cust ADD CONSTRAINT ware FOREIGN KEY (c_w_id) REFERENCES ware(w_id);
  Query OK, 0 rows affected
  ```

## 关于时间列的默认时间设置

当列上有 NOT NULL 约束时，通常建议设置默认值。当列类型是日期或时间类型时，可以设置默认值为数据库当前时间。

### 示例

为表的时间列设置默认值，可以使用 `current_timestamp` 函数。

1. 创建 `t1` 表，并定义 `current_timestamp` 函数。

   ```sql
   obclient> CREATE TABLE t1(
                id number not null primary key,
                gmt_create date not null default sysdate,
                gmt_Modified date not null default sysdate
   );
   Query OK, 0 rows affected 
   ```

2. 在 `t1` 表中插入数据。

   ```sql
   obclient> insert into t1(id) values(1),(2),(3);
   Query OK, 3 rows affected (0.01 sec)
   Records: 3  Duplicates: 0  Warnings: 0
   ```

3. 执行插入语句事务。

   ```unknow
   obclient> INSERT INTO t1(id) values(1),(2),(3);
   Query OK, 3 rows affected
   Records: 3  Duplicates: 0  Warnings: 0
   ```

4. 查看 `t1` 表。

   ```sql
   obclient> SELECT * FROM t1;
   +----+------------+--------------+
   | ID | GMT_CREATE | GMT_MODIFIED |
   +----+------------+--------------+
   |  1 | 22-APR-22  | 22-APR-22    |
   |  2 | 22-APR-22  | 22-APR-22    |
   |  3 | 22-APR-22  | 22-APR-22    |
   +----+------------+--------------+
   3 rows in set
   ```
