AVG 
========================



描述 
-----------------------

该函数将数值类型或者可以转换成数值类型的表达式作为参数求平均值。可以将其用作聚合或分析函数。
**说明**



* 作为分析函数使用时，需要使用 `OVER` 子句定义窗口进行计算。它对一组行的集合进行计算并返回多个值。

  

* 作为聚合函数使用时，该函数对一组行的集合进行聚合计算，结果只能返回一个值，此时不需要加 `OVER` 子句。

  




语法 
-----------------------

```sql
AVG([ DISTINCT | UNIQUE | ALL ] expr) [ OVER (analytic_clause) ]
```



参数解释 
-------------------------



|            参数             |                                                                                                                                                说明                                                                                                                                                |
|---------------------------|--------------------------------------------------------------------------------------------------------------------------------------------------------------------------------------------------------------------------------------------------------------------------------------------------|
| DISTINCT \| UNIQUE \| ALL | 查询时是否去重。为可选项，默认值 `ALL`。 * `ALL`：查询时不去除数据中的重复值，且忽略数据中的 `NULL` 值。   * `DISTINCT`：查询时去除数据中的重复值，且忽略数据中的 `NULL` 值。   * `UNIQUE`：查询时去除数据中的重复值，且忽略数据中的 `NULL` 值。    |
| expr                      | 指定要计算的列名。列的数据类型是数值类型或者可以转换成数值类型的表达式。数值类型可以为 `NUMBER`、`FLOAT`、`BINARY_FLOAT` 或 `BINARY_DOUBLE`。                                                                                                                                                                                                   |
| OVER                      | 使用 `OVER` 子句定义窗口进行计算。窗口函数详细信息请参见 [窗口函数说明](/zh-CN/11.sql-reference-oracle-mode/5.functions-2/4.analysis-functions-2/1.window-function-description.md)。                                                                                                                                                                                                          |


**注意**



如果您指定了 `DISTINCT` 或 `UNIQUE` 关键字，则 `analytic_clause` 中不允许出现 `order_by_clause` 和 `windowing_clause`。

返回类型 
-------------------------

返回值与参数 `expr` 的数据类型相同。

示例 
-----------------------

创建表 `tbl1`，并插入测试数据。

```sql
obclient> CREATE TABLE tbl1 (col1 INT,col2 varchar(10),col3 INT);
Query OK, 0 rows affected

obclient> INSERT INTO tbl1 VALUES (1,'a',5),(1,'b',10),(1,'c',15),
    (2,'d',20),(2,'e',18),(2,'f',12),(3,'a',10),
    (3,'b',15),(4,'c',15),(4,'a',8);
Query OK, 10 rows affected
Records: 10  Duplicates: 0  Warnings: 0

obclient> SELECT * FROM tbl1;
+------+------+------+
| COL1 | COL2 | COL3 |
+------+------+------+
|    1 | a    |    5 |
|    1 | b    |   10 |
|    1 | c    |   15 |
|    2 | d    |   20 |
|    2 | e    |   18 |
|    2 | f    |   12 |
|    3 | a    |   10 |
|    3 | b    |   15 |
|    4 | c    |   15 |
|    4 | a    |    8 |
+------+------+------+
10 rows in set
```



### 聚合函数示例 

计算 `col3` 的平均值。

```sql
obclient> SELECT AVG(col3) FROM tbl1;
+-----------+
| AVG(COL3) |
+-----------+
|      12.8 |
+-----------+
1 row in set
```



### 分析函数示例 

以 `col1` 分组及列 `col2` 升序排序，计算列 `col3` 中值的之前和之后范围的平均值。

```sql
obclient> SELECT col1,col2,col3, AVG(col3) 
              OVER (PARTITION BY col1 ORDER BY col2 ROWS BETWEEN 1 PRECEDING AND 1 FOLLOWING) AS over_col2
          FROM tbl1 
          ORDER BY col1,col2,col3;
+------+------+------+-------------------------------------------+
| COL1 | COL2 | COL3 | OVER_COL2                                 |
+------+------+------+-------------------------------------------+
|    1 | a    |    5 |                                       7.5 |
|    1 | b    |   10 |                                        10 |
|    1 | c    |   15 |                                      12.5 |
|    2 | d    |   20 |                                        19 |
|    2 | e    |   18 | 16.66666666666666666666666666666666666667 |
|    2 | f    |   12 |                                        15 |
|    3 | a    |   10 |                                      12.5 |
|    3 | b    |   15 |                                      12.5 |
|    4 | a    |    8 |                                      11.5 |
|    4 | c    |   15 |                                      11.5 |
+------+------+------+-------------------------------------------+
10 rows in set
```


