关于清空表 
==========================

OceanBase 数据库中的 Oracle 模式下清空某张表包含 DELETE 和 TRUNCATE 两种方式。

前提条件 
-------------------------

当前用户需要对表具有 DELETE 权限。

DELETE 方式 
------------------------------

### 描述 

该语句用来删除表中符合条件的行，包括单表删除及多表删除两种方式。

### 语法 

```unknow
DELETE [hint_options] [FROM] table_factor [ WHERE where_condition ]
    [{ RETURNING | RETURN } returning_exprs [ into_clause ]]
 
table_factor:
    {table_name | table_subquery | '(' table_reference ')' }
    
where_condition:
    expression
    
returning_exprs:
    projection_col_name [,projection_col_name ...]
 
into_clause: 
    { INTO into_var_list | BULK COLLECT INTO into_var_list}

into_var_list:
    { USER_VARIABLE | ref_name } [, { USER_VARIABLE | ref_name }...]
```



### 参数解释 



|       参数        |             描述             |
|-----------------|----------------------------|
| hint_options    | 指定 Hint 选项，为可选项。           |
| table_factor    | 指定需要删除的表名（基表、可更新视图、特殊子查询）。 |
| where_condition | 删除的表需要满足的过滤条件。             |
| returning_exprs | 返回删除数据前的投影列。               |
| into_clause     | 将删除数据前的投影列插入到指定列表。         |
| ref_name        | 变量名。                       |


**注意**

特殊子查询是指类似于可更新视图对应的子查询，这类子查询不应该包含复杂的算子（例如 `GROUP BY`、`DISTINCT`、`WINDOW FUNCTION` 等）。

### 示例 

将 `dws_ny` 表的数据清空。

1. 查询 `dws_ny` 表中的数据。

   ```unknow
   obclient> SELECT * FROM dws_ny;
   +------+-----------+
   | COL1 | COL2      |
   +------+-----------+
   |    1 | 11-NOV-70 |
   |    2 | 11-NOV-71 |
   |    3 | 11-NOV-71 |
   +------+-----------+
   3 rows in set
   ```

   

2. 将 `dws_ny` 表的数据清空。

   ```unknow
   obclient> DELETE FROM dws_ny;
   Query OK, 3 rows affected
   ```

   

3. 运行后，再次查看 `dws_ny` 表。

   ```unknow
   obclient> SELECT * FROM dws_ny;
   Empty set
   ```

   




TRUNCATE 方式 
--------------------------------

### 描述 

该语句用于完全清空指定表，但是保留表结构，包括表中定义的分区信息。从逻辑上说，该语句与用于删除所有行的 `DELETE FROM` 语句相同。

执行 `TRUNCATE` 语句，必须具有表的删除和创建权限。

`TRUNCATE TABLE` 语句与 `DELETE FROM` 语句有以下不同：

* `TRUNCATE` 操作删除并重新创建表，这比逐行删除要快得多，特别是对于大表。

  

* `TRUNCATE TABLE` 语句执行结果显示影响行数始终显示为 `0` 行。

  

* 使用 `TRUNCATE TABLE` 语句，表管理程序不记得最后被使用的 `AUTO_INCREMENT` 值，但是会从头开始计数。

  

* `TRUNCATE` 语句不能在进行事务处理和表锁定的过程中进行，如果使用将会报错。

  

* 只要表定义文件是合法的，则可以使用 `TRUNCATE TABLE` 把表重新创建为一个空表，即使数据或索引文件已经被破坏。

  




### 语法 

```unknow
TRUNCATE [TABLE] [schema.]table_name;
```



### 参数解释 



|     参数     |                     描述                     |
|------------|--------------------------------------------|
| schema.    | 指定 Schema。如果省略 `schema`，则默认该表在当前 Schema 中。 |
| table_name | 指定表名。                                      |



### 示例 

将 `dws_ny` 表的数据清空。

1. 查询 `dws_ny` 表中的数据。

   ```unknow
   obclient> SELECT * FROM dws_ny;
   +------+-----------+
   | ID   | DATA      |
   +------+-----------+
   |    1 | 11-NOV-70 |
   |    2 | 11-NOV-71 |
   |    3 | 11-NOV-71 |
   +------+-----------+
   3 rows in set
   ```

   

2. 将 `dws_ny` 表的数据清空。

   ```unknow
   obclient> TRUNCATE dws_ny;
   Query OK, 0 rows affected
   ```

   

3. 运行后，再次查看 `dws_ny` 表。

   ```unknow
   obclient> SELECT * FROM dws_ny;
   Empty set
   ```

   






